"pitcher","game_year","clusters"
112526,2015,3
112526,2016,2
112526,2017,3
112526,2018,3
115629,2015,2
136600,2015,2
150116,2015,3
150274,2015,2
150274,2016,3
150302,2015,2
150359,2015,4
217096,2015,4
218596,2015,3
234194,2015,2
276351,2015,4
276351,2016,4
276351,2017,3
276514,2015,2
276520,2017,4
276542,2015,5
276542,2016,3
276542,2017,2
279571,2015,3
279571,2016,3
279571,2017,3
279571,2018,3
279824,2015,3
282332,2015,6
282332,2016,3
282332,2017,3
282332,2018,3
282332,2019,3
285064,2015,4
285064,2016,4
285079,2015,4
285079,2016,4
285079,2017,4
329092,2015,2
346793,2015,3
346797,2015,2
346798,2015,9
346798,2016,3
346847,2015,5
400085,2015,2
400089,2015,2
407793,2015,8
407793,2016,6
407793,2017,3
407819,2015,2
407819,2016,2
407822,2015,4
407822,2016,4
407822,2017,4
407822,2018,5
407845,2015,4
407845,2016,4
407845,2017,3
407845,2018,5
407845,2019,2
407890,2015,3
407890,2016,3
407908,2015,3
407908,2016,2
408061,2015,3
408061,2016,3
408061,2017,3
408241,2015,3
408241,2016,5
408314,2018,2
421685,2015,4
424144,2015,3
424144,2016,3
424144,2017,2
424144,2018,4
424144,2019,3
424144,2021,2
424325,2015,1
425386,2015,9
425386,2017,3
425426,2016,2
425492,2015,5
425492,2016,5
425492,2017,2
425492,2018,3
425532,2015,4
425532,2016,3
425543,2015,2
425560,2015,2
425626,2015,2
425626,2016,3
425657,2015,3
425657,2016,3
425772,2018,1
425772,2019,2
425786,2015,3
425794,2015,2
425794,2016,5
425794,2017,6
425794,2018,4
425794,2019,4
425794,2021,4
425796,2015,2
425835,2015,3
425835,2016,6
425840,2015,3
425844,2015,3
425844,2016,3
425844,2017,4
425844,2018,4
425844,2019,4
425844,2021,8
425856,2015,2
425856,2016,4
429400,2015,2
429400,2016,2
429717,2015,3
429719,2015,3
429719,2016,3
429719,2017,4
429719,2018,3
429719,2019,3
429722,2015,4
429722,2016,3
429722,2017,2
429722,2018,2
429722,2019,2
429722,2021,2
429780,2015,3
429780,2016,3
429781,2015,3
429783,2015,2
430404,2015,1
430580,2015,3
430580,2016,3
430589,2015,3
430589,2016,4
430589,2017,2
430599,2015,5
430599,2016,7
430599,2017,3
430605,2015,2
430613,2015,2
430630,2015,4
430634,2016,2
430641,2015,4
430641,2016,3
430641,2017,3
430641,2018,3
430661,2015,2
430661,2016,2
430661,2017,2
430911,2015,2
430912,2015,3
430912,2016,3
430912,2017,3
430935,2015,4
430935,2016,9
430935,2017,5
430935,2018,3
430935,2019,4
430947,2017,1
431145,2019,2
431148,2015,5
431148,2016,3
431148,2021,3
431162,2015,4
432934,2015,4
432934,2016,3
432934,2017,2
433217,2017,1
433579,2015,4
433579,2016,4
433584,2015,4
433584,2016,2
433585,2015,3
433586,2015,4
433586,2016,5
433586,2017,3
433586,2018,3
433587,2015,4
433587,2016,3
433587,2017,3
433587,2018,3
433587,2019,3
433589,2015,3
433589,2016,4
433589,2017,5
433589,2018,5
433589,2019,5
433589,2021,4
434137,2015,2
434137,2016,2
434378,2015,4
434378,2016,3
434378,2017,4
434378,2018,4
434378,2019,3
434442,2015,3
434442,2016,2
434442,2017,2
434538,2015,4
434538,2016,3
434538,2017,3
434538,2018,3
434538,2019,2
434540,2015,2
434563,2017,2
434622,2015,4
434622,2016,3
434622,2017,3
434628,2015,3
434628,2016,3
434628,2017,3
434628,2018,6
434643,2015,4
434665,2015,6
434671,2015,3
434671,2016,4
434671,2017,3
434671,2018,4
434671,2019,4
434672,2016,2
434672,2017,2
434678,2015,2
434718,2015,3
434718,2016,3
434718,2017,2
434778,2018,2
434778,2019,2
435043,2015,3
435043,2016,4
435043,2017,3
435043,2018,5
435043,2019,3
435044,2015,2
435045,2015,2
435079,2019,2
435221,2015,3
435221,2016,4
435221,2017,3
435221,2018,3
435400,2015,3
435400,2016,2
435400,2017,2
435622,2019,3
444436,2015,2
444436,2016,2
444446,2015,3
444468,2015,3
444468,2016,3
444468,2017,2
444468,2018,3
444468,2019,4
444482,2021,1
444520,2015,4
444520,2016,3
444520,2017,2
444836,2015,2
444857,2015,3
444857,2016,6
444857,2017,5
444935,2015,3
445055,2017,1
445060,2015,4
445060,2016,3
445060,2017,3
445163,2015,5
445170,2015,2
445197,2015,4
445197,2016,4
445197,2017,3
445197,2018,3
445197,2019,3
445213,2015,2
445213,2016,2
445213,2017,2
445213,2018,2
445213,2019,2
445213,2021,2
445276,2015,2
445276,2016,2
445276,2017,2
445276,2018,2
445276,2019,2
445276,2021,2
445590,2015,4
445612,2015,5
445926,2015,6
445926,2016,5
445926,2017,4
445926,2018,3
445926,2019,2
445926,2021,3
445968,2015,3
445968,2016,3
446099,2015,3
446099,2016,3
446099,2017,3
446099,2018,3
446099,2021,2
446185,2016,2
446321,2015,5
446321,2016,3
446321,2018,3
446321,2019,4
446321,2021,3
446372,2015,4
446372,2016,4
446372,2017,3
446372,2018,3
446372,2019,3
446372,2021,4
446381,2016,2
446386,2018,3
446399,2015,3
446399,2016,3
446399,2017,4
446399,2018,4
446481,2019,2
446899,2015,5
446899,2016,4
446899,2017,2
446899,2018,2
447714,2015,5
447714,2016,5
447714,2017,2
447755,2015,2
447755,2016,2
448159,2015,3
448167,2018,2
448178,2015,4
448178,2016,4
448178,2018,2
448179,2015,3
448179,2016,3
448179,2017,4
448179,2018,4
448179,2019,3
448179,2021,3
448281,2015,2
448281,2016,2
448281,2017,2
448281,2018,2
448281,2019,2
448281,2021,2
448306,2015,5
448306,2016,6
448306,2017,5
448306,2018,5
448602,2018,2
448602,2019,1
448609,2015,3
448609,2016,3
448609,2017,3
448609,2018,4
448609,2019,3
448614,2015,6
448614,2016,2
448614,2017,2
448614,2018,2
448614,2019,2
448801,2019,2
448802,2015,3
448802,2016,4
448802,2017,4
448802,2018,4
448855,2015,3
448855,2016,2
448855,2017,3
448855,2018,2
448855,2019,4
448855,2021,4
449079,2015,3
449097,2015,3
449097,2016,6
449104,2016,3
449170,2015,3
449173,2016,3
449173,2017,3
450172,2015,6
450172,2016,5
450172,2017,2
450172,2019,4
450203,2015,5
450203,2016,3
450203,2017,3
450203,2018,3
450203,2019,3
450203,2021,5
450212,2015,3
450212,2016,3
450212,2017,3
450212,2018,3
450212,2019,3
450275,2015,3
450275,2016,3
450282,2015,5
450282,2016,2
450282,2017,2
450306,2015,3
450306,2016,3
450306,2017,3
450306,2018,3
450306,2019,3
450308,2015,4
450308,2016,3
450308,2017,3
450314,2019,1
450351,2015,3
450665,2015,4
450665,2016,3
450665,2018,4
450729,2015,3
450729,2016,4
450729,2017,3
450729,2018,4
451085,2015,3
451085,2016,2
451532,2015,3
451584,2015,3
451584,2016,3
451584,2017,3
451584,2018,3
451584,2019,3
451584,2021,3
451596,2015,3
451596,2016,3
451596,2017,5
451596,2018,4
451661,2015,5
451661,2016,4
451661,2017,3
451661,2018,2
451775,2015,3
451775,2016,4
451783,2016,2
451788,2015,3
452027,2015,4
452027,2016,4
452027,2017,3
452027,2021,3
452061,2016,3
452657,2015,3
452657,2016,5
452657,2017,3
452657,2018,3
452657,2019,4
452657,2021,3
452666,2015,3
452666,2016,3
452666,2017,3
452678,2021,1
452718,2015,5
452718,2017,3
452733,2015,5
452733,2016,4
453156,2015,2
453172,2015,3
453172,2016,3
453172,2017,2
453172,2018,2
453172,2019,2
453178,2015,5
453178,2016,4
453178,2017,4
453178,2018,4
453178,2019,3
453178,2021,2
453192,2015,2
453192,2016,2
453192,2017,2
453192,2018,2
453192,2019,2
453192,2021,2
453203,2015,2
453214,2015,3
453214,2016,3
453214,2017,3
453214,2018,3
453214,2019,3
453222,2015,3
453222,2016,2
453249,2015,2
453249,2016,2
453264,2015,2
453265,2015,6
453265,2016,4
453265,2017,3
453265,2018,2
453265,2019,4
453265,2021,3
453268,2021,2
453281,2016,5
453281,2017,5
453281,2018,4
453281,2019,4
453281,2021,4
453284,2016,3
453284,2017,2
453284,2018,5
453284,2019,4
453284,2021,4
453286,2015,4
453286,2016,3
453286,2017,3
453286,2018,5
453286,2019,4
453286,2021,4
453307,2015,2
453307,2016,2
453311,2015,4
453311,2016,3
453329,2015,3
453329,2016,3
453329,2017,2
453329,2018,3
453329,2019,3
453343,2015,5
453343,2016,6
453343,2017,2
453343,2018,2
453343,2019,2
453343,2021,2
453344,2015,3
453344,2016,3
453344,2017,2
453344,2018,2
453385,2015,2
453385,2016,2
453385,2017,2
453385,2018,4
453385,2019,3
453562,2015,3
453562,2016,3
453562,2017,3
453562,2018,3
453562,2019,4
453562,2021,3
453646,2015,3
453646,2016,3
453895,2015,1
455009,2015,3
455009,2016,4
455009,2017,2
455119,2015,3
455119,2018,3
455119,2019,2
455119,2021,4
455374,2015,6
455374,2016,4
455374,2017,2
455376,2017,2
456027,2015,4
456027,2016,4
456034,2015,4
456034,2016,5
456034,2017,3
456034,2018,5
456034,2019,3
456034,2021,3
456051,2015,3
456051,2019,3
456068,2015,3
456068,2016,3
456068,2017,3
456068,2018,3
456071,2015,3
456071,2016,3
456121,2015,1
456124,2016,2
456124,2018,2
456167,2016,7
456167,2017,3
456379,2015,3
456379,2016,2
456379,2017,2
456387,2019,2
456488,2019,2
456496,2015,3
456501,2015,5
456501,2016,3
456501,2017,3
456501,2018,2
456501,2019,2
456501,2021,3
456696,2015,3
456696,2016,4
456696,2017,3
456696,2018,3
456696,2019,3
456701,2015,4
456701,2016,3
456701,2017,3
456701,2018,3
456701,2019,5
456713,2016,7
456713,2017,4
456713,2018,3
456713,2021,3
456776,2015,3
457117,2015,2
457117,2017,2
457429,2015,2
457429,2016,3
457429,2017,4
457429,2018,2
457435,2015,2
457435,2016,3
457448,2015,2
457456,2015,0
457456,2016,5
457711,2015,3
457711,2016,4
457732,2015,3
457732,2016,4
457732,2017,2
457744,2015,3
457754,2015,3
457754,2018,3
457754,2019,3
457759,2021,5
457768,2015,3
457768,2016,4
457768,2017,3
457779,2016,2
457915,2015,2
457915,2016,3
457915,2017,3
457915,2018,3
457915,2019,4
457915,2021,2
457918,2015,8
457918,2016,3
457918,2017,4
457918,2018,5
457918,2019,3
457918,2021,6
458006,2015,2
458006,2016,2
458006,2017,2
458006,2018,2
458006,2019,2
458537,2016,2
458584,2015,3
458584,2016,2
458584,2017,2
458584,2018,2
458584,2019,2
458676,2017,4
458676,2021,3
458677,2015,3
458677,2016,3
458677,2017,4
458677,2018,3
458677,2019,3
458677,2021,3
458678,2015,2
458678,2016,2
458681,2015,4
458681,2017,3
458681,2018,4
458681,2019,3
458681,2021,4
458690,2015,3
458690,2017,2
458690,2018,2
458708,2015,3
458708,2016,3
458708,2017,4
458708,2018,3
458708,2019,4
458708,2021,3
458730,2015,2
458730,2016,3
458919,2015,2
458924,2018,3
458924,2019,3
459429,2015,2
459429,2016,2
459429,2017,2
459429,2018,2
459429,2019,2
459429,2021,2
459967,2015,3
459987,2015,3
459987,2016,3
460008,2015,3
460024,2015,3
460024,2016,3
460059,2015,8
460059,2016,5
460059,2017,3
460060,2015,2
460060,2018,2
460077,2016,2
460077,2018,1
460086,2019,2
460156,2015,4
460269,2016,3
460269,2017,2
460269,2018,2
460283,2015,3
460283,2016,3
460283,2017,3
460283,2018,3
460283,2019,3
460576,2018,2
460701,2015,3
460701,2016,3
461325,2015,5
461325,2016,4
461325,2017,4
461325,2018,5
461325,2019,4
461325,2021,3
461815,2015,2
461829,2015,4
461829,2016,4
461829,2017,6
461829,2018,4
461829,2019,4
461833,2015,3
461833,2016,3
461833,2017,3
461833,2018,4
461865,2016,2
461865,2017,1
461865,2018,1
461865,2021,2
461872,2015,3
461872,2016,2
461872,2017,2
461872,2018,2
461872,2019,3
461872,2021,2
462089,2015,2
462136,2015,4
462136,2016,4
462136,2017,3
462136,2018,3
462136,2019,3
462382,2015,4
462382,2016,4
462382,2017,3
462382,2018,3
462480,2018,3
462515,2015,4
462515,2016,2
462515,2017,2
462515,2018,3
462945,2015,2
462985,2015,3
462985,2016,4
464416,2015,3
465629,2015,3
465629,2017,3
465657,2015,4
465657,2016,7
465657,2017,4
465657,2018,4
465657,2019,4
465657,2021,3
465679,2015,2
465753,2018,1
466948,2015,3
466948,2017,3
467008,2015,3
467008,2016,3
467008,2017,3
467008,2018,3
467008,2019,4
467008,2021,3
467055,2018,4
467055,2019,6
467094,2015,3
467100,2015,4
467100,2016,4
467100,2017,4
467100,2018,4
467100,2019,3
467785,2015,2
467827,2019,3
468396,2015,4
468396,2016,4
468396,2018,2
468504,2015,2
468504,2016,4
468504,2017,3
468504,2018,3
468504,2019,3
468504,2021,3
469134,2015,4
471083,2016,2
471083,2017,2
471822,2015,5
471822,2016,5
471822,2017,2
471911,2015,6
471911,2016,7
471911,2017,3
471911,2018,3
471911,2019,2
471911,2021,3
472551,2015,6
472551,2016,3
472551,2017,3
472551,2019,2
472551,2021,3
472610,2015,2
472610,2016,2
472610,2017,3
472610,2018,2
472610,2019,2
472610,2021,2
473879,2015,3
473879,2016,5
473879,2017,4
473879,2018,2
473879,2019,4
474029,2015,3
474029,2016,3
474029,2017,2
474039,2017,2
474284,2015,3
474284,2016,3
474463,2015,3
474463,2016,4
474463,2017,3
474463,2018,3
474463,2019,4
474463,2021,3
474521,2015,4
474521,2016,5
474668,2015,2
474668,2016,2
474699,2015,4
474699,2016,3
474699,2017,3
475054,2015,4
475054,2016,4
475054,2017,2
475054,2018,2
475054,2019,6
475054,2021,2
475115,2015,4
475115,2016,2
475115,2017,2
475115,2018,2
475115,2019,3
475138,2015,3
475138,2016,2
475243,2015,4
475243,2016,7
475243,2017,6
475247,2016,2
475416,2015,2
475479,2015,3
475479,2016,4
475479,2017,3
475479,2019,3
475479,2021,4
475857,2015,2
475857,2018,4
476123,2016,2
476123,2017,3
476451,2015,4
476451,2016,4
476451,2017,4
476451,2018,4
476451,2019,4
476454,2015,4
476454,2016,3
476454,2017,3
476454,2018,3
476454,2019,2
476454,2021,2
476570,2015,3
476570,2016,2
476589,2015,3
476589,2016,3
476589,2017,4
476589,2018,4
476589,2019,3
476594,2018,3
476594,2019,2
476594,2021,2
476595,2015,3
476595,2016,2
476595,2021,4
477003,2015,3
477003,2016,3
477132,2015,7
477132,2016,8
477132,2017,3
477132,2018,4
477132,2019,5
477132,2021,3
477195,2015,2
477229,2015,3
477569,2015,4
477569,2016,4
477569,2017,2
477569,2018,3
477569,2019,2
487675,2017,3
487675,2018,3
488671,2018,1
488671,2019,2
488674,2015,2
488748,2016,2
488748,2017,5
488748,2018,3
488748,2019,3
488748,2021,3
488768,2015,8
488768,2016,4
488768,2017,3
488768,2018,5
488768,2019,3
488786,2015,2
488786,2016,3
488786,2018,4
488818,2018,1
488846,2015,4
488846,2016,3
488846,2017,5
488846,2018,3
488984,2015,4
488984,2016,3
488984,2017,3
488984,2018,3
488984,2019,3
488984,2021,2
489002,2015,3
489002,2016,3
489039,2015,2
489119,2015,4
489119,2016,3
489119,2017,4
489119,2018,4
489119,2019,4
489119,2021,4
489138,2015,3
489197,2016,2
489265,2015,3
489265,2016,3
489265,2017,3
489265,2018,6
489265,2019,3
489265,2021,3
489267,2015,2
489294,2015,7
489294,2016,2
489294,2017,2
489295,2015,2
489295,2019,2
489334,2015,3
489334,2017,4
489334,2018,4
489334,2019,3
489334,2021,3
489446,2015,3
489446,2016,4
489446,2017,2
489446,2018,2
489446,2019,3
489448,2018,2
490063,2015,4
490063,2016,5
490063,2017,4
491159,2015,2
491624,2017,3
491624,2021,2
491646,2015,4
491646,2016,2
491646,2017,2
491646,2018,3
491646,2019,3
491696,2015,2
491696,2017,2
491696,2018,2
491696,2019,3
491703,2015,4
491703,2016,5
491703,2017,2
491703,2021,2
491708,2015,5
491708,2016,4
492841,2017,1
493114,2017,5
493117,2015,3
493157,2015,3
493157,2016,4
493157,2017,3
493159,2015,4
493200,2016,4
493200,2017,4
493200,2018,3
493200,2019,3
493247,2015,2
493247,2016,3
493247,2017,3
493247,2018,3
493351,2015,2
493603,2015,2
493603,2016,3
493603,2017,3
493603,2018,3
493603,2019,3
493603,2021,3
497807,2016,2
500610,2015,3
500610,2016,4
500610,2017,3
500610,2019,3
500610,2021,5
500721,2015,4
500724,2015,2
500724,2016,5
500724,2017,3
500724,2018,3
500724,2019,3
500765,2016,2
500765,2017,2
500779,2015,6
500779,2016,7
500779,2017,3
500779,2018,3
500779,2019,3
500779,2021,3
500871,2016,2
500872,2017,4
500872,2018,2
500891,2015,2
501303,2019,2
501381,2015,2
501381,2016,3
501381,2017,3
501381,2019,3
501381,2021,4
501563,2015,2
501563,2017,2
501593,2015,4
501593,2016,3
501593,2017,3
501593,2018,3
501593,2019,3
501593,2021,1
501625,2015,3
501625,2016,5
501625,2017,2
501625,2018,3
501625,2019,3
501625,2021,3
501627,2015,2
501697,2016,3
501697,2017,3
501697,2018,3
501789,2015,7
501789,2016,4
501789,2017,2
501789,2018,2
501789,2019,2
501789,2021,2
501817,2016,4
501817,2017,3
501817,2018,3
501817,2019,2
501822,2015,4
501822,2016,5
501822,2017,3
501822,2018,3
501870,2015,2
501925,2015,2
501925,2016,2
501925,2017,2
501925,2018,2
501925,2019,2
501925,2021,2
501936,2016,3
501955,2015,3
501955,2016,5
501957,2015,4
501957,2016,3
501957,2017,3
501957,2018,3
501985,2017,4
501985,2018,3
501985,2019,3
501985,2021,3
501992,2015,2
501992,2016,4
501992,2017,2
501992,2019,2
502004,2015,5
502004,2016,4
502004,2017,5
502004,2018,3
502009,2015,2
502009,2016,2
502009,2017,3
502010,2015,4
502011,2017,2
502026,2015,5
502026,2016,3
502026,2017,3
502026,2018,3
502026,2019,3
502028,2016,3
502028,2017,3
502028,2018,3
502032,2015,3
502032,2016,4
502032,2017,3
502032,2018,3
502042,2015,2
502042,2016,2
502042,2017,4
502042,2018,3
502042,2019,3
502042,2021,2
502043,2015,4
502043,2016,4
502043,2017,5
502043,2018,4
502043,2019,4
502043,2021,4
502046,2015,4
502046,2016,4
502046,2017,2
502051,2015,3
502051,2016,2
502051,2017,3
502051,2018,2
502083,2015,4
502083,2016,2
502083,2017,2
502083,2018,3
502085,2015,5
502085,2016,5
502085,2017,3
502085,2018,2
502085,2019,2
502085,2021,2
502087,2015,3
502087,2016,5
502130,2017,2
502143,2018,6
502154,2015,2
502154,2016,2
502154,2017,2
502154,2018,2
502154,2019,2
502154,2021,2
502162,2015,4
502166,2015,4
502171,2016,3
502171,2017,3
502171,2018,3
502171,2019,3
502171,2021,3
502179,2017,3
502179,2021,4
502188,2015,3
502188,2016,4
502188,2017,3
502188,2018,3
502188,2019,4
502190,2015,6
502190,2016,9
502190,2017,3
502190,2018,3
502190,2019,3
502202,2015,4
502202,2016,4
502202,2017,3
502202,2018,3
502202,2019,3
502202,2021,3
502210,2021,1
502211,2015,3
502211,2016,3
502211,2017,2
502212,2017,3
502212,2018,3
502239,2015,3
502239,2016,4
502239,2017,4
502239,2018,3
502239,2019,3
502239,2021,2
502260,2015,2
502264,2015,2
502272,2015,3
502272,2016,3
502272,2017,3
502273,2017,1
502273,2019,2
502273,2021,3
502281,2015,2
502285,2016,3
502304,2015,3
502304,2019,3
502327,2015,4
502327,2016,4
502327,2017,4
502327,2018,5
502327,2019,4
502327,2021,3
502381,2015,3
502381,2016,3
502381,2017,3
502381,2018,2
502381,2019,3
502457,2016,3
502462,2015,3
502522,2015,2
502522,2016,2
502522,2018,2
502522,2019,2
502522,2021,2
502578,2015,2
502578,2019,2
502593,2015,3
502593,2016,2
502593,2017,2
502593,2018,3
502593,2019,2
502593,2021,2
502624,2015,4
502624,2016,4
502624,2017,4
502624,2018,4
502624,2019,5
502624,2021,4
502706,2015,4
502706,2016,4
502706,2017,3
502706,2018,2
502706,2019,4
502706,2021,3
502748,2015,2
502748,2016,3
502748,2017,3
502748,2018,3
502748,2019,2
502748,2021,3
503285,2015,3
503285,2016,3
503285,2017,2
503285,2018,2
503285,2019,2
503285,2021,2
503444,2016,3
503449,2015,5
503449,2016,4
503449,2017,4
503449,2018,2
503449,2019,2
503449,2021,3
503556,2021,2
503566,2017,2
503569,2021,2
504083,2015,2
504083,2016,2
504186,2015,4
504186,2016,3
504379,2015,5
504379,2016,4
504379,2017,2
504379,2018,2
504379,2019,2
505447,2021,2
506433,2016,4
506433,2017,4
506433,2018,4
506433,2019,3
506433,2021,4
506560,2015,1
506560,2016,0
506693,2015,3
506693,2017,3
506702,2021,2
514669,2015,2
514669,2016,3
514913,2016,2
514981,2015,4
514981,2017,3
515052,2015,2
515052,2016,2
516414,2015,4
516414,2016,2
516472,2018,1
516589,2015,3
516714,2015,2
516714,2016,3
516714,2017,2
516769,2015,2
516910,2015,3
516910,2016,2
516935,2015,2
516969,2015,3
516969,2016,4
516969,2017,2
516969,2018,4
516969,2019,3
516970,2015,3
517008,2015,4
517008,2016,3
517008,2017,2
517008,2018,2
517008,2019,2
517008,2021,2
517059,2015,3
517414,2015,4
517414,2016,4
517414,2017,4
517414,2018,3
517448,2016,4
517593,2015,5
517593,2016,5
517593,2017,3
517593,2019,3
517629,2016,2
518397,2015,2
518397,2016,2
518397,2017,2
518397,2018,3
518397,2019,2
518397,2021,2
518418,2015,2
518420,2015,3
518435,2021,3
518445,2017,4
518445,2018,3
518452,2015,3
518452,2016,3
518452,2017,3
518452,2018,3
518452,2019,3
518468,2015,3
518468,2016,3
518468,2017,4
518468,2019,2
518489,2018,2
518489,2019,2
518489,2021,5
518516,2015,3
518516,2016,5
518516,2017,5
518516,2018,6
518516,2019,7
518516,2021,3
518526,2015,2
518553,2015,3
518553,2016,3
518553,2017,3
518553,2018,3
518553,2019,3
518553,2021,2
518560,2016,3
518566,2017,2
518566,2018,3
518566,2019,3
518567,2015,4
518567,2016,3
518567,2017,4
518586,2018,9
518586,2019,2
518586,2021,1
518603,2015,6
518614,2017,1
518614,2018,1
518614,2019,2
518617,2015,2
518617,2016,5
518617,2017,3
518617,2018,2
518617,2019,2
518617,2021,3
518633,2015,7
518633,2016,2
518633,2017,5
518633,2018,4
518633,2019,3
518633,2021,3
518653,2015,2
518693,2015,3
518693,2016,3
518693,2017,4
518693,2018,3
518693,2019,3
518703,2015,2
518715,2015,2
518715,2016,3
518715,2017,2
518715,2018,2
518715,2019,2
518716,2015,4
518716,2016,3
518716,2017,3
518748,2015,3
518748,2016,3
518748,2017,3
518748,2018,3
518764,2015,3
518771,2015,3
518774,2015,4
518774,2016,4
518774,2017,3
518774,2018,4
518774,2019,3
518774,2021,3
518790,2015,3
518790,2016,2
518790,2017,2
518813,2015,3
518813,2017,3
518813,2018,3
518813,2019,3
518813,2021,3
518833,2015,3
518858,2015,2
518858,2016,4
518858,2017,2
518858,2018,4
518858,2019,3
518858,2021,2
518863,2015,2
518875,2015,5
518875,2016,2
518875,2017,2
518875,2018,2
518875,2019,2
518876,2019,3
518876,2021,3
518883,2016,3
518883,2018,2
518886,2015,3
518886,2016,2
518886,2017,2
518886,2018,2
518886,2019,2
518886,2021,2
518927,2015,4
518927,2016,6
518927,2017,5
519008,2015,5
519008,2016,2
519008,2017,4
519008,2018,4
519008,2019,2
519008,2021,2
519043,2015,4
519043,2016,3
519043,2017,4
519043,2018,3
519043,2019,3
519043,2021,3
519048,2017,3
519048,2021,2
519076,2015,4
519076,2016,7
519076,2017,4
519076,2019,2
519076,2021,2
519085,2015,2
519085,2016,3
519096,2015,2
519096,2016,3
519096,2017,2
519096,2018,2
519096,2019,2
519141,2015,5
519141,2016,4
519141,2017,3
519141,2018,3
519141,2019,4
519141,2021,2
519144,2015,5
519144,2016,4
519144,2017,6
519144,2018,5
519144,2019,3
519151,2015,3
519151,2016,4
519151,2017,3
519151,2018,3
519151,2019,3
519151,2021,3
519166,2015,5
519166,2016,3
519166,2017,3
519166,2018,2
519166,2019,4
519168,2015,2
519168,2016,3
519169,2015,3
519186,2015,3
519186,2016,3
519203,2018,1
519203,2021,3
519208,2015,8
519222,2018,1
519222,2019,3
519229,2015,2
519240,2015,2
519240,2016,2
519240,2017,2
519240,2018,2
519242,2015,7
519242,2016,4
519242,2017,4
519242,2018,5
519242,2019,3
519242,2021,4
519263,2015,3
519263,2016,3
519263,2017,3
519267,2015,3
519267,2016,4
519267,2017,3
519293,2015,5
519293,2016,3
519293,2018,4
519293,2019,3
519293,2021,3
519294,2016,4
519294,2017,4
519294,2018,2
519295,2018,2
519299,2021,1
519301,2015,2
519301,2016,2
519301,2017,4
519301,2018,4
519322,2015,3
519322,2016,3
519322,2017,4
519326,2015,5
519326,2016,5
519326,2017,2
519326,2018,4
519326,2019,4
519326,2021,3
519344,2016,3
519344,2017,3
519381,2015,2
519381,2016,4
519381,2018,4
519381,2019,4
519393,2018,3
519393,2019,3
519411,2015,3
519437,2016,4
519443,2017,3
519443,2018,3
519443,2019,3
519443,2021,3
519455,2015,4
519455,2016,3
519455,2017,3
519455,2018,3
519455,2019,3
519455,2021,3
520980,2015,6
520980,2016,2
520980,2017,3
520980,2018,2
520980,2019,2
520980,2021,2
521230,2015,4
521230,2016,5
521230,2017,5
521230,2018,3
521230,2019,4
521230,2021,5
521655,2017,2
521655,2018,4
521655,2019,4
523260,2015,4
523260,2016,2
523260,2017,2
523260,2018,4
523260,2019,2
523260,2021,2
523848,2015,2
523848,2016,4
523989,2015,2
523989,2016,2
523989,2017,2
525768,2018,4
525768,2019,3
527048,2015,4
527048,2016,7
527048,2017,4
527048,2018,3
527048,2019,5
527048,2021,4
527054,2015,6
527054,2016,3
527054,2017,4
527054,2018,4
527054,2019,4
527054,2021,2
527055,2015,4
527055,2016,4
527055,2017,3
527055,2018,3
527055,2019,3
528748,2021,3
531565,2016,9
532077,2015,2
532077,2016,4
532077,2017,3
532077,2018,3
532077,2019,2
533167,2015,3
533167,2016,3
533167,2017,3
533167,2018,2
533167,2019,3
533167,2021,3
534606,2016,4
534606,2018,4
534627,2016,3
534737,2016,3
534812,2015,4
534812,2016,7
534812,2017,3
534812,2018,3
534812,2021,3
534910,2015,4
534910,2016,5
534910,2017,4
534910,2019,2
534910,2021,4
534947,2016,3
534947,2017,3
538506,2015,4
539438,2016,2
541640,2015,2
541640,2016,2
541640,2017,5
541640,2018,4
541640,2019,2
541640,2021,3
541650,2017,1
541650,2018,1
541650,2019,1
541650,2021,1
541652,2015,4
541652,2016,3
541652,2017,4
541652,2018,3
542194,2016,3
542194,2017,2
542225,2016,2
542266,2015,2
542289,2018,3
542326,2016,2
542432,2015,3
542432,2016,4
542432,2017,2
542432,2018,2
542585,2019,2
542585,2021,2
542587,2015,2
542587,2016,2
542609,2015,2
542609,2016,4
542669,2015,4
542674,2015,3
542674,2016,4
542866,2015,2
542866,2016,4
542866,2019,2
542881,2016,5
542881,2017,3
542881,2018,5
542881,2019,4
542881,2021,5
542882,2015,3
542882,2016,3
542882,2017,3
542882,2018,3
542882,2019,3
542882,2021,4
542884,2016,2
542888,2015,2
542888,2016,2
542888,2017,3
542888,2018,3
542888,2019,3
542888,2021,2
542914,2015,3
542914,2017,2
542914,2018,2
542914,2019,2
542914,2021,2
542923,2015,2
542924,2015,3
542924,2017,4
542924,2018,3
542946,2018,2
542947,2016,3
542947,2017,2
542947,2018,2
542947,2019,3
542947,2021,3
542953,2016,3
542953,2017,3
542953,2019,3
542960,2015,4
542960,2016,4
542960,2017,2
542960,2018,4
542960,2019,3
542960,2021,3
542963,2017,1
542992,2021,1
543001,2018,3
543001,2019,3
543017,2016,3
543017,2017,3
543022,2016,5
543022,2017,4
543022,2018,3
543022,2019,5
543022,2021,3
543031,2017,4
543031,2018,4
543037,2015,8
543037,2016,4
543037,2017,3
543037,2018,3
543037,2019,4
543037,2021,3
543045,2015,3
543045,2016,2
543045,2017,2
543045,2018,3
543045,2019,2
543045,2021,2
543054,2015,6
543054,2016,5
543054,2017,2
543056,2015,2
543056,2016,4
543056,2017,3
543056,2018,3
543056,2021,3
543089,2019,1
543094,2015,3
543101,2015,4
543101,2016,4
543101,2018,4
543101,2019,3
543101,2021,3
543118,2015,2
543118,2016,2
543118,2017,4
543118,2018,3
543118,2019,2
543135,2015,5
543135,2016,4
543135,2018,4
543135,2019,4
543135,2021,4
543144,2015,4
543144,2016,3
543144,2017,3
543144,2018,3
543148,2019,2
543169,2016,3
543169,2017,2
543169,2018,2
543169,2019,3
543184,2015,3
543184,2016,3
543193,2018,2
543193,2019,3
543195,2016,2
543208,2017,3
543208,2018,4
543208,2019,3
543219,2015,3
543219,2016,3
543219,2017,4
543219,2018,3
543219,2019,4
543238,2021,2
543242,2015,2
543242,2016,4
543243,2015,4
543243,2016,3
543243,2017,5
543243,2018,3
543243,2019,5
543243,2021,3
543258,2015,2
543258,2018,2
543258,2021,2
543261,2015,3
543261,2016,4
543261,2017,2
543272,2015,4
543272,2016,4
543272,2017,3
543272,2018,2
543272,2019,2
543272,2021,3
543278,2015,3
543278,2016,4
543278,2017,4
543278,2018,4
543278,2019,3
543278,2021,6
543294,2015,5
543294,2016,4
543294,2017,4
543294,2018,4
543294,2019,4
543294,2021,6
543331,2015,5
543331,2016,4
543331,2017,4
543331,2018,3
543334,2015,4
543334,2016,2
543334,2017,2
543339,2015,3
543339,2016,2
543339,2017,4
543339,2018,2
543339,2019,2
543339,2021,2
543343,2019,2
543351,2015,2
543351,2019,4
543351,2021,4
543357,2017,2
543359,2015,3
543359,2016,2
543359,2017,2
543359,2018,3
543359,2019,2
543376,2019,3
543380,2015,4
543380,2016,7
543380,2017,2
543391,2015,3
543391,2016,2
543391,2018,3
543408,2015,3
543408,2016,3
543408,2017,3
543409,2015,2
543424,2015,3
543424,2016,5
543424,2018,3
543456,2015,2
543456,2016,2
543456,2021,2
543475,2015,6
543475,2016,3
543475,2017,3
543475,2018,3
543475,2019,5
543475,2021,3
543483,2016,2
543483,2018,2
543483,2019,3
543506,2015,3
543506,2016,3
543506,2017,3
543506,2018,3
543507,2015,4
543507,2016,7
543507,2018,3
543507,2019,7
543507,2021,2
543508,2015,2
543508,2017,2
543508,2018,2
543518,2015,2
543521,2015,6
543521,2016,4
543521,2017,5
543521,2018,7
543521,2019,4
543521,2021,4
543532,2016,3
543532,2017,2
543532,2019,3
543542,2015,2
543542,2016,3
543542,2017,3
543548,2015,4
543548,2016,3
543548,2017,4
543548,2018,4
543548,2019,4
543548,2021,4
543557,2015,5
543557,2016,5
543557,2017,5
543557,2018,4
543557,2019,5
543594,2015,2
543594,2021,3
543606,2015,3
543606,2016,7
543606,2017,3
543606,2018,3
543606,2019,4
543606,2021,3
543607,2015,2
543652,2017,3
543677,2019,9
543698,2015,3
543698,2016,3
543699,2015,4
543699,2016,4
543699,2017,4
543699,2018,4
543699,2019,3
543699,2021,4
543716,2015,2
543716,2016,2
543726,2015,7
543726,2016,3
543726,2017,3
543734,2015,5
543734,2016,5
543734,2017,5
543734,2018,3
543734,2019,3
543746,2015,3
543746,2016,3
543746,2017,3
543746,2018,2
543766,2015,6
543766,2016,7
543766,2017,2
543766,2018,2
543766,2019,2
543766,2021,3
543776,2016,2
543776,2019,1
543779,2015,6
543779,2016,4
543779,2017,7
543803,2015,3
543859,2015,5
543859,2016,3
543859,2017,3
543867,2017,3
543881,2015,4
543883,2015,3
543883,2016,3
543883,2017,4
543883,2018,2
543883,2019,3
543883,2021,3
543900,2015,3
543900,2016,2
543901,2015,4
543901,2016,4
543901,2017,2
543901,2018,2
543901,2019,3
543901,2021,3
543903,2015,4
543903,2018,2
543903,2019,2
543921,2015,3
543921,2016,3
543935,2015,3
543935,2016,3
543935,2017,3
543935,2018,3
543935,2019,2
543942,2015,3
543964,2015,3
543964,2016,3
543964,2017,3
544150,2016,3
544150,2017,3
544365,2015,2
544365,2019,4
544725,2015,2
544727,2015,4
544727,2016,6
544727,2017,2
544727,2018,3
544727,2019,3
544727,2021,2
544759,2015,3
544759,2016,2
544836,2015,3
544836,2016,4
544836,2017,3
544836,2018,2
544928,2015,3
544928,2016,3
544928,2017,3
544928,2018,3
544928,2019,4
544930,2016,3
544931,2015,4
544931,2016,3
544931,2017,4
544931,2018,3
544931,2019,4
544931,2021,3
544993,2015,4
544993,2016,2
545064,2015,2
545064,2017,3
545064,2019,2
545332,2016,4
545332,2017,2
545332,2018,3
545332,2019,2
545333,2015,4
545333,2016,3
545333,2017,3
545333,2018,3
545333,2019,3
545333,2021,3
545338,2015,1
545343,2021,3
545346,2015,3
545346,2017,3
545348,2017,2
545357,2016,3
545358,2019,2
545363,2016,3
545363,2017,4
545363,2018,2
545404,2015,3
546276,2016,3
546991,2021,1
547001,2021,3
547007,2016,4
547007,2017,2
547007,2018,4
547176,2021,3
547179,2015,9
547179,2016,3
547179,2017,4
547179,2018,3
547179,2019,4
547179,2021,3
547348,2015,2
547749,2015,4
547749,2016,6
547749,2017,3
547749,2018,3
547874,2015,3
547874,2016,3
547874,2017,3
547888,2015,4
547888,2016,4
547888,2017,4
547888,2018,4
547888,2019,4
547942,2021,3
547943,2016,3
547943,2017,5
547943,2018,4
547943,2019,4
547943,2021,4
547973,2015,6
547973,2016,2
547973,2017,2
547973,2018,2
547973,2019,2
547973,2021,4
547982,2017,2
548337,2015,3
548337,2016,3
548337,2017,3
548357,2015,4
548357,2016,3
548357,2017,3
548357,2018,3
548384,2021,3
548389,2016,3
548389,2017,3
548389,2018,3
548389,2019,4
548389,2021,4
552640,2017,2
552640,2018,2
552640,2019,2
552640,2021,2
553872,2015,2
553878,2015,5
553878,2016,4
553878,2017,4
553878,2018,3
553878,2019,4
553883,2016,3
553902,2018,3
553902,2021,2
553970,2015,3
554234,2015,2
554234,2016,2
554340,2015,4
554340,2016,2
554340,2018,4
554340,2019,3
554340,2021,3
554374,2017,2
554430,2017,3
554430,2018,3
554430,2019,4
554430,2021,4
554431,2015,2
554431,2021,2
554432,2015,2
570240,2016,2
570240,2017,4
570240,2018,3
570240,2019,2
570240,2021,2
570257,2016,3
570257,2017,2
570257,2021,3
570488,2019,2
570488,2021,3
570632,2015,4
570632,2016,4
570632,2017,3
570632,2018,2
570632,2019,4
570632,2021,3
570649,2015,4
570649,2016,4
570663,2015,3
570663,2016,4
570663,2017,3
570663,2018,2
570663,2019,2
570663,2021,3
570666,2016,4
570666,2017,4
570666,2018,2
570666,2019,3
570666,2021,3
570702,2017,2
570702,2018,2
570714,2016,4
570810,2017,3
571035,2016,2
571035,2017,2
571035,2018,2
571057,2015,4
571437,2019,2
571439,2015,3
571473,2016,2
571473,2017,2
571473,2018,2
571476,2015,3
571476,2016,4
571476,2017,2
571476,2018,2
571479,2015,4
571479,2021,3
571510,2015,4
571510,2016,6
571510,2017,4
571510,2018,5
571510,2019,4
571510,2021,5
571521,2015,2
571521,2017,2
571521,2021,2
571527,2015,4
571539,2016,4
571539,2019,3
571561,2015,3
571561,2016,4
571561,2017,3
571561,2018,3
571572,2016,2
571577,2015,2
571577,2018,3
571578,2015,2
571578,2016,7
571578,2017,4
571578,2018,3
571578,2019,5
571578,2021,4
571584,2015,3
571584,2016,3
571602,2018,3
571616,2016,2
571616,2017,2
571656,2015,2
571656,2016,4
571656,2017,2
571656,2018,3
571656,2019,4
571656,2021,3
571666,2015,3
571666,2016,4
571666,2017,4
571666,2018,4
571666,2019,4
571666,2021,3
571670,2016,5
571670,2017,2
571670,2018,3
571670,2019,2
571670,2021,2
571676,2017,3
571676,2021,4
571697,2017,1
571704,2015,4
571704,2016,3
571704,2017,4
571704,2018,2
571704,2019,2
571710,2015,2
571710,2016,4
571710,2017,2
571710,2018,2
571710,2019,4
571710,2021,3
571735,2015,2
571735,2016,2
571735,2018,2
571735,2019,2
571735,2021,2
571760,2015,4
571760,2016,2
571760,2017,2
571760,2018,5
571760,2019,6
571760,2021,4
571771,2018,1
571787,2015,4
571787,2017,3
571788,2021,2
571800,2015,4
571800,2016,2
571800,2018,2
571800,2021,2
571858,2019,2
571863,2016,2
571863,2017,5
571863,2018,3
571863,2019,3
571871,2015,3
571871,2016,4
571871,2017,3
571871,2018,2
571871,2021,3
571882,2016,2
571882,2017,2
571882,2018,3
571882,2019,3
571882,2021,3
571893,2015,2
571893,2016,4
571893,2017,2
571893,2018,2
571901,2015,3
571901,2016,4
571901,2017,4
571901,2018,4
571901,2019,3
571901,2021,4
571911,2016,2
571911,2017,2
571912,2019,2
571912,2021,1
571917,2019,2
571927,2015,7
571927,2016,9
571927,2017,3
571927,2018,6
571927,2019,5
571927,2021,5
571945,2018,3
571945,2019,3
571945,2021,3
571946,2015,4
571946,2016,3
571946,2017,4
571946,2018,3
571946,2019,3
571946,2021,3
571948,2017,3
571948,2018,2
571948,2019,2
571948,2021,3
571951,2015,5
571951,2016,4
571951,2017,3
571951,2018,3
571951,2021,3
571963,2016,2
571969,2016,2
571974,2019,1
572008,2019,1
572020,2015,5
572020,2016,4
572020,2017,4
572020,2018,3
572020,2019,4
572020,2021,2
572021,2015,2
572021,2016,2
572021,2017,3
572021,2018,2
572021,2019,2
572033,2016,5
572038,2015,4
572038,2016,2
572044,2016,3
572044,2017,3
572044,2018,2
572044,2019,2
572070,2015,4
572070,2016,4
572070,2017,3
572070,2018,3
572070,2019,3
572070,2021,3
572086,2016,4
572086,2019,3
572089,2015,3
572096,2015,5
572096,2016,2
572096,2017,3
572096,2019,2
572102,2015,3
572102,2016,3
572119,2016,2
572125,2019,2
572125,2021,2
572140,2016,3
572140,2017,4
572140,2018,3
572140,2019,3
572143,2018,2
572143,2019,2
572143,2021,2
572193,2015,3
572193,2016,3
572193,2017,3
572193,2018,4
572193,2019,3
572193,2021,3
572208,2016,2
572208,2017,2
572283,2016,4
572308,2015,3
572308,2016,4
572308,2017,2
572308,2018,2
572309,2015,2
572309,2016,2
572362,2015,4
572362,2016,3
572362,2018,4
572362,2019,4
572365,2016,1
572383,2019,2
572403,2015,4
572403,2016,3
572403,2017,4
572403,2018,4
572403,2019,3
572703,2018,2
572703,2019,2
572728,2017,3
572750,2015,4
572750,2016,4
572750,2017,3
572750,2018,4
572761,2021,2
572788,2015,4
572788,2016,3
572821,2019,5
572831,2016,3
572831,2017,3
572888,2015,3
572888,2016,3
572888,2017,3
572888,2018,3
572888,2019,3
572888,2021,3
572889,2015,2
572955,2017,3
572955,2018,3
572955,2021,2
572971,2015,4
572971,2016,4
572971,2017,3
572971,2018,5
572971,2019,4
572971,2021,4
572990,2016,2
572998,2017,2
572998,2018,2
572998,2019,2
573009,2016,3
573009,2019,3
573009,2021,3
573016,2017,3
573046,2015,3
573046,2016,4
573046,2017,4
573046,2018,3
573046,2019,3
573062,2021,2
573064,2015,2
573064,2016,3
573064,2017,3
573064,2018,1
573109,2015,3
573109,2016,5
573109,2017,4
573109,2018,2
573109,2021,2
573124,2016,5
573124,2017,3
573124,2018,3
573124,2019,2
573124,2021,2
573127,2015,4
573127,2017,2
573127,2018,2
573127,2019,2
573127,2021,3
573131,2021,2
573166,2018,3
573185,2015,3
573185,2016,3
573185,2017,3
573185,2018,4
573185,2019,3
573186,2015,2
573186,2016,3
573186,2017,4
573186,2018,4
573186,2019,4
573186,2021,4
573188,2016,3
573204,2015,2
573204,2021,3
573244,2015,4
573244,2017,3
573589,2016,9
573589,2017,3
573668,2016,3
573668,2017,4
573668,2018,4
573668,2019,2
573668,2021,3
575070,2019,2
576397,2018,1
576397,2019,2
579328,2019,3
579328,2021,3
580792,2015,3
580792,2016,3
580792,2017,2
580792,2018,2
580792,2019,2
582494,2016,3
582494,2017,4
582494,2018,3
582494,2019,3
584171,2017,2
584171,2018,4
584171,2019,3
591672,2018,3
591693,2016,3
591693,2017,3
591693,2018,3
591693,2019,2
591701,2017,3
591720,2021,1
591741,2019,2
592091,2015,4
592091,2016,3
592094,2018,3
592094,2019,3
592094,2021,2
592102,2015,4
592102,2016,4
592102,2017,2
592102,2018,2
592102,2019,2
592120,2017,2
592127,2016,3
592127,2017,3
592127,2018,3
592130,2016,2
592130,2017,3
592130,2018,2
592135,2015,2
592135,2016,3
592135,2017,2
592135,2018,2
592135,2019,2
592135,2021,3
592145,2018,3
592145,2019,3
592145,2021,3
592165,2019,3
592165,2021,2
592169,2016,3
592169,2017,3
592169,2018,2
592169,2019,3
592169,2021,3
592170,2016,2
592170,2017,4
592170,2018,4
592181,2015,2
592222,2015,4
592222,2016,3
592222,2017,3
592222,2018,3
592222,2019,2
592222,2021,2
592229,2017,2
592229,2018,2
592229,2019,5
592233,2017,2
592233,2019,3
592233,2021,3
592238,2018,2
592254,2016,4
592254,2017,3
592254,2019,2
592254,2021,4
592273,2021,2
592279,2017,2
592280,2019,4
592288,2021,3
592314,2015,5
592314,2016,4
592314,2017,4
592314,2018,4
592314,2019,4
592314,2021,3
592329,2015,2
592330,2016,2
592332,2015,3
592332,2016,5
592332,2017,4
592332,2018,4
592332,2019,4
592332,2021,5
592340,2015,3
592340,2016,3
592340,2017,3
592340,2018,3
592341,2015,3
592341,2016,3
592341,2017,3
592346,2015,3
592346,2016,3
592346,2019,3
592346,2021,3
592351,2015,4
592351,2016,3
592351,2017,3
592351,2018,3
592351,2019,3
592351,2021,4
592390,2015,2
592390,2016,3
592390,2017,3
592390,2018,3
592390,2019,3
592390,2021,2
592398,2015,2
592407,2016,2
592407,2018,2
592407,2019,0
592407,2021,1
592419,2016,2
592422,2016,2
592422,2017,2
592426,2015,2
592426,2016,2
592426,2017,3
592426,2018,3
592426,2019,3
592426,2021,3
592433,2016,4
592454,2015,2
592454,2016,2
592454,2017,4
592454,2018,3
592454,2019,3
592464,2021,1
592468,2018,4
592468,2019,4
592473,2017,3
592473,2018,4
592473,2019,4
592473,2021,4
592499,2017,3
592499,2018,3
592527,2015,2
592527,2016,3
592533,2015,3
592533,2016,3
592533,2017,2
592547,2017,4
592547,2018,6
592570,2015,2
592570,2017,2
592570,2018,3
592592,2017,2
592593,2015,5
592593,2016,4
592593,2017,4
592612,2015,3
592612,2016,3
592612,2017,4
592612,2018,3
592612,2019,3
592612,2021,4
592614,2016,4
592614,2017,3
592644,2016,3
592644,2018,4
592644,2019,3
592644,2021,6
592662,2015,5
592662,2016,5
592662,2017,4
592662,2018,4
592662,2019,4
592662,2021,4
592665,2015,4
592665,2016,5
592665,2017,2
592665,2018,2
592677,2015,2
592677,2016,2
592705,2015,3
592705,2018,3
592705,2019,5
592712,2018,3
592712,2019,2
592716,2016,3
592716,2018,2
592716,2019,3
592716,2021,2
592717,2015,4
592717,2016,5
592717,2017,3
592717,2018,3
592717,2019,3
592717,2021,3
592741,2015,3
592741,2016,2
592741,2017,2
592741,2018,2
592741,2019,2
592741,2021,3
592753,2017,2
592761,2017,2
592761,2018,3
592761,2019,3
592761,2021,3
592767,2015,3
592767,2016,5
592767,2019,5
592767,2021,5
592769,2018,2
592773,2017,2
592773,2018,2
592773,2019,2
592773,2021,3
592779,2016,4
592779,2017,4
592779,2018,2
592779,2019,2
592781,2015,2
592789,2015,3
592789,2016,4
592789,2017,3
592789,2018,3
592789,2019,6
592789,2021,2
592791,2016,4
592791,2017,4
592791,2018,4
592791,2019,3
592791,2021,3
592804,2015,3
592804,2016,7
592804,2018,3
592804,2019,3
592811,2016,3
592811,2017,3
592811,2018,3
592815,2015,4
592815,2016,4
592815,2017,4
592815,2018,3
592815,2019,4
592826,2015,2
592826,2016,4
592826,2017,4
592826,2018,3
592826,2019,2
592826,2021,3
592831,2021,4
592833,2017,2
592833,2018,2
592836,2015,3
592836,2016,4
592836,2017,3
592836,2018,3
592836,2019,2
592836,2021,3
592848,2018,5
592858,2018,4
592858,2019,3
592858,2021,4
592859,2019,2
592859,2021,2
592865,2017,2
592865,2018,3
592865,2019,2
592865,2021,4
592866,2016,2
592866,2017,5
592866,2018,5
592866,2019,4
592866,2021,4
592869,2015,2
592869,2016,4
592869,2017,2
592872,2016,3
592872,2017,3
592879,2015,3
592879,2017,4
592879,2019,3
592879,2021,3
593140,2015,2
593140,2016,3
593140,2017,3
593140,2018,2
593140,2019,2
593140,2021,3
593144,2017,2
593144,2018,2
593144,2019,2
593144,2021,2
593334,2017,3
593334,2018,3
593334,2019,3
593334,2021,3
593372,2015,6
593372,2016,4
593372,2017,4
593372,2018,2
593372,2019,2
593372,2021,2
593417,2016,2
593417,2017,2
593423,2015,3
593423,2017,2
593423,2018,2
593423,2019,2
593423,2021,4
593576,2015,2
593576,2016,4
593576,2017,2
593576,2018,3
593576,2019,2
593576,2021,3
593582,2015,4
593582,2016,4
593604,2021,3
593619,2021,2
593643,2019,1
593643,2021,1
593679,2016,2
593679,2017,4
593679,2019,4
593833,2018,3
593833,2019,3
593833,2021,3
593958,2015,5
593958,2016,2
593958,2017,2
593958,2018,3
593958,2019,3
593958,2021,3
593969,2016,2
593969,2017,2
593974,2016,2
593974,2017,2
593974,2018,4
593974,2019,2
593974,2021,2
594027,2016,2
594027,2018,3
594027,2019,2
594056,2017,2
594056,2018,2
594056,2019,2
594056,2021,2
594311,2016,2
594311,2017,2
594311,2019,2
594311,2021,2
594577,2016,2
594577,2017,2
594577,2018,2
594577,2019,4
594577,2021,5
594580,2017,2
594580,2021,2
594694,2021,2
594736,2015,4
594736,2016,4
594736,2019,3
594742,2015,2
594742,2016,2
594742,2017,3
594742,2018,2
594760,2016,3
594760,2017,2
594762,2015,2
594772,2015,3
594772,2016,3
594772,2017,3
594792,2015,4
594792,2016,4
594795,2016,6
594795,2017,2
594795,2019,2
594795,2021,2
594798,2015,2
594798,2016,4
594798,2017,3
594798,2018,3
594798,2019,5
594798,2021,3
594809,2021,2
594815,2015,4
594815,2017,2
594824,2018,1
594835,2015,4
594835,2017,3
594835,2018,4
594835,2019,4
594835,2021,5
594840,2015,2
594840,2016,2
594840,2017,3
594840,2018,2
594840,2019,3
594857,2015,2
594857,2016,4
594867,2017,4
594902,2017,4
594902,2018,3
594902,2019,2
594943,2016,4
594943,2017,4
594943,2018,2
594951,2015,6
594951,2016,3
594951,2019,2
594965,2018,3
594965,2019,3
594965,2021,3
594977,2015,4
594985,2016,3
594985,2021,3
594986,2015,3
594986,2016,3
594986,2017,3
594986,2019,3
594986,2021,2
594987,2015,2
594987,2018,3
594987,2019,4
594987,2021,3
594992,2017,3
594992,2018,2
595001,2015,3
595001,2016,3
595001,2017,4
595001,2019,3
595014,2015,5
595014,2016,3
595014,2017,2
595014,2018,3
595014,2019,3
595014,2021,3
595032,2015,3
595032,2016,3
595032,2017,3
595032,2018,2
595191,2015,3
595191,2016,6
595191,2017,3
595191,2018,3
595191,2019,3
595191,2021,5
595234,2017,3
595234,2018,3
595235,2015,2
595235,2016,2
595263,2021,3
595284,2021,2
595307,2015,2
595307,2016,4
595307,2017,4
595345,2016,3
595345,2017,2
595345,2018,2
595345,2021,2
595371,2015,2
595411,2017,2
595411,2018,2
595411,2021,2
595441,2015,2
595465,2015,1
595465,2016,3
595465,2017,3
595465,2018,3
595465,2019,2
595465,2021,3
595798,2019,2
595798,2021,2
595881,2018,4
595881,2019,4
595881,2021,3
595897,2018,3
595897,2019,3
595918,2015,4
595918,2016,3
595918,2017,4
595918,2018,3
595918,2019,3
595918,2021,4
595928,2017,2
595928,2018,2
595928,2019,2
595928,2021,2
595939,2019,5
595939,2021,3
595943,2021,2
596001,2017,4
596001,2018,3
596001,2019,2
596001,2021,2
596027,2017,3
596027,2018,3
596027,2019,4
596027,2021,3
596035,2019,2
596043,2016,4
596043,2017,3
596043,2018,4
596043,2019,3
596049,2016,4
596049,2021,3
596056,2021,3
596057,2015,3
596057,2016,3
596057,2017,3
596057,2018,4
596057,2019,3
596057,2021,2
596064,2015,4
596064,2016,2
596071,2017,3
596071,2018,3
596071,2019,3
596071,2021,3
596074,2018,4
596074,2019,2
596082,2021,4
596101,2018,2
596101,2019,3
596103,2021,2
596112,2016,2
596112,2017,3
596112,2018,3
596112,2019,2
596112,2021,2
596133,2016,6
596133,2017,4
596133,2018,4
596133,2019,2
596133,2021,3
596143,2016,6
596143,2017,2
596271,2017,2
596271,2018,2
596295,2018,4
596295,2021,3
596331,2015,2
596331,2016,2
596451,2018,1
596451,2019,2
596720,2017,3
596720,2018,3
596720,2019,3
596816,2017,3
596816,2018,4
596825,2021,2
597113,2018,2
597113,2019,4
597113,2021,4
598264,2015,4
598264,2016,4
598264,2017,3
598264,2018,5
598264,2019,2
598264,2021,2
598271,2015,3
598271,2017,3
598271,2018,3
598271,2019,3
598286,2019,5
598286,2021,3
598287,2015,3
598287,2016,3
598287,2017,3
598287,2018,3
598287,2019,3
598287,2021,4
599683,2016,3
599683,2017,3
599683,2018,3
599998,2015,2
599998,2016,3
599998,2017,2
600301,2016,3
600301,2018,1
600303,2018,2
600526,2016,2
600526,2017,5
600858,2019,2
600887,2019,3
600887,2021,2
600917,2016,4
600917,2017,3
600917,2018,3
600917,2019,4
600921,2017,4
600921,2021,2
600944,2016,2
600944,2017,3
600944,2018,2
600944,2021,2
600965,2017,2
600965,2018,3
600968,2017,2
600968,2018,2
600968,2019,2
600986,2017,2
600986,2018,2
600986,2019,2
601713,2017,2
601713,2018,3
601713,2019,3
601713,2021,3
602083,2015,3
602083,2017,3
602083,2018,3
602922,2019,3
602928,2017,2
605121,2018,3
605121,2019,3
605130,2018,5
605130,2019,3
605130,2021,3
605135,2015,3
605135,2016,3
605135,2018,3
605135,2019,3
605135,2021,3
605138,2021,3
605143,2018,2
605143,2019,2
605151,2015,5
605151,2016,5
605151,2017,3
605151,2018,2
605151,2019,4
605151,2021,5
605152,2016,2
605154,2017,3
605154,2018,3
605154,2019,2
605154,2021,3
605155,2018,3
605155,2019,3
605155,2021,3
605156,2015,5
605156,2018,3
605156,2019,3
605164,2016,4
605164,2017,4
605164,2018,5
605164,2019,4
605164,2021,3
605169,2015,2
605169,2017,3
605170,2018,3
605170,2019,1
605177,2015,3
605177,2016,2
605177,2017,2
605177,2018,2
605177,2019,2
605177,2021,2
605182,2016,3
605182,2017,4
605182,2018,5
605182,2019,5
605194,2016,3
605194,2017,5
605194,2021,2
605195,2017,4
605195,2018,4
605195,2019,3
605195,2021,3
605200,2015,4
605200,2016,5
605200,2017,5
605200,2018,4
605200,2019,5
605200,2021,3
605204,2017,2
605204,2018,3
605218,2015,3
605218,2016,2
605218,2017,2
605218,2018,3
605218,2019,3
605218,2021,2
605222,2016,3
605222,2017,8
605226,2015,3
605226,2016,2
605228,2015,3
605228,2016,5
605232,2015,2
605232,2016,2
605232,2017,2
605232,2018,2
605240,2017,3
605240,2018,4
605240,2019,4
605240,2021,2
605242,2016,3
605242,2017,4
605242,2018,2
605242,2021,3
605254,2017,3
605254,2018,3
605255,2018,2
605260,2018,3
605260,2019,3
605276,2018,6
605276,2019,4
605276,2021,2
605280,2018,3
605280,2019,4
605280,2021,4
605288,2015,2
605288,2018,2
605288,2019,5
605288,2021,4
605301,2018,2
605301,2019,2
605304,2015,3
605304,2016,4
605309,2015,3
605309,2016,4
605309,2017,3
605309,2018,3
605309,2019,4
605309,2021,3
605317,2015,4
605333,2015,2
605333,2017,2
605338,2015,2
605347,2015,3
605347,2017,2
605347,2018,3
605347,2019,5
605347,2021,6
605359,2015,2
605359,2016,2
605359,2017,2
605359,2018,2
605359,2019,3
605359,2021,3
605361,2019,2
605374,2015,6
605388,2015,2
605388,2016,5
605388,2017,3
605388,2018,2
605388,2019,3
605388,2021,4
605396,2015,3
605396,2016,4
605397,2016,4
605397,2017,2
605397,2018,3
605397,2019,4
605397,2021,5
605400,2015,4
605400,2016,3
605400,2017,4
605400,2018,3
605400,2019,5
605400,2021,4
605428,2017,3
605441,2017,2
605441,2018,3
605441,2019,2
605441,2021,2
605446,2018,3
605446,2019,3
605447,2019,2
605447,2021,2
605452,2015,3
605452,2016,4
605452,2017,4
605452,2018,2
605452,2019,3
605452,2021,2
605463,2019,2
605469,2019,3
605476,2015,4
605476,2016,2
605476,2017,3
605476,2018,2
605477,2015,2
605479,2019,2
605482,2019,2
605483,2016,4
605483,2017,4
605483,2018,4
605483,2019,3
605483,2021,3
605486,2018,2
605488,2018,2
605488,2019,2
605488,2021,2
605498,2018,5
605498,2019,3
605501,2018,4
605501,2019,3
605501,2021,2
605507,2021,3
605513,2018,2
605513,2019,4
605513,2021,3
605521,2019,2
605521,2021,2
605525,2016,2
605525,2018,4
605525,2019,4
605525,2021,2
605528,2017,2
605538,2015,6
605538,2016,4
605538,2017,4
605538,2018,3
605538,2019,4
605538,2021,2
605540,2017,2
605540,2018,4
605540,2019,3
605540,2021,4
605541,2015,5
605541,2016,2
605541,2017,2
605541,2018,3
605541,2019,2
605541,2021,3
605612,2021,2
605795,2017,3
605894,2015,3
605894,2016,3
606131,2016,5
606131,2017,3
606131,2018,2
606131,2019,3
606149,2017,3
606149,2018,2
606149,2019,2
606149,2021,2
606160,2015,2
606160,2016,4
606160,2017,3
606160,2019,3
606160,2021,4
606162,2018,2
606162,2019,3
606162,2021,3
606167,2016,2
606167,2017,3
606167,2018,2
606167,2019,2
606213,2021,1
606273,2015,3
606273,2016,4
606273,2017,5
606273,2018,3
606273,2019,3
606291,2016,4
606299,2019,1
606303,2019,2
606303,2021,2
606424,2017,3
606424,2018,2
606424,2019,2
606424,2021,3
606478,2018,3
606478,2019,2
606625,2017,2
606625,2018,3
606625,2019,3
606625,2021,3
606930,2016,2
606930,2017,3
606930,2018,2
606930,2019,2
606930,2021,2
606944,2018,2
606959,2017,2
606959,2019,2
606965,2016,3
606965,2017,2
606965,2018,3
606965,2019,3
606965,2021,3
606983,2016,3
606983,2017,3
606983,2018,4
606995,2018,3
607030,2018,2
607054,2018,2
607054,2021,2
607067,2015,3
607067,2016,7
607067,2021,3
607068,2015,2
607074,2015,2
607074,2016,3
607074,2017,2
607074,2018,2
607074,2019,2
607074,2021,4
607162,2017,2
607179,2021,3
607188,2017,3
607188,2018,4
607188,2019,2
607188,2021,3
607192,2016,3
607192,2017,3
607192,2018,3
607192,2019,3
607192,2021,5
607200,2017,3
607200,2018,3
607200,2019,3
607200,2021,3
607215,2017,4
607215,2018,4
607215,2019,4
607216,2018,2
607216,2021,2
607219,2017,2
607219,2018,2
607219,2019,4
607219,2021,3
607223,2019,5
607229,2016,4
607229,2017,3
607229,2018,4
607229,2019,3
607229,2021,2
607231,2016,4
607231,2017,6
607231,2018,6
607231,2019,4
607231,2021,5
607237,2017,2
607237,2018,2
607237,2019,2
607237,2021,2
607259,2015,4
607259,2016,3
607259,2017,4
607309,2015,2
607309,2016,2
607320,2016,3
607320,2017,4
607352,2016,3
607352,2017,4
607352,2018,3
607352,2019,3
607352,2021,3
607359,2015,2
607359,2016,2
607359,2021,2
607374,2015,2
607374,2016,2
607374,2018,4
607374,2019,2
607374,2021,3
607387,2018,5
607391,2019,3
607391,2021,3
607405,2015,2
607455,2017,4
607455,2018,2
607455,2019,2
607455,2021,3
607457,2015,3
607457,2016,4
607457,2017,5
607457,2018,3
607457,2019,4
607457,2021,3
607468,2018,3
607468,2021,2
607473,2017,2
607473,2018,2
607473,2019,2
607481,2017,3
607481,2018,3
607481,2019,2
607481,2021,3
607536,2017,4
607536,2018,4
607536,2019,3
607536,2021,3
607555,2019,2
607560,2019,3
607560,2021,4
607572,2018,2
607572,2019,3
607572,2021,3
607625,2016,3
607625,2017,3
607625,2018,3
607625,2019,6
607625,2021,3
607644,2018,3
607644,2019,3
607644,2021,4
607680,2021,3
607706,2016,3
607727,2016,2
607732,2019,2
607755,2018,2
607755,2019,2
607755,2021,2
607951,2017,2
607968,2015,2
607968,2017,3
607968,2018,7
608032,2016,2
608032,2017,2
608032,2019,3
608032,2021,2
608167,2015,3
608167,2016,7
608328,2017,2
608328,2018,3
608328,2019,3
608328,2021,3
608331,2017,3
608331,2018,3
608331,2019,3
608331,2021,4
608334,2016,3
608334,2017,3
608334,2018,3
608334,2019,3
608334,2021,3
608335,2021,2
608337,2016,2
608337,2017,2
608337,2018,2
608337,2019,6
608337,2021,3
608344,2019,4
608344,2021,3
608349,2015,4
608349,2016,5
608349,2017,3
608349,2018,2
608349,2021,2
608371,2017,3
608371,2018,3
608371,2019,2
608371,2021,2
608379,2015,3
608379,2016,4
608379,2017,4
608379,2018,4
608379,2019,4
608379,2021,4
608566,2016,2
608566,2017,4
608566,2018,3
608566,2019,2
608566,2021,2
608596,2019,2
608601,2017,2
608601,2018,2
608638,2016,2
608638,2018,2
608638,2019,3
608638,2021,3
608641,2015,3
608648,2015,2
608648,2016,3
608648,2017,2
608648,2018,2
608648,2019,3
608648,2021,3
608650,2017,2
608650,2021,3
608652,2017,3
608652,2018,4
608652,2019,3
608652,2021,3
608654,2018,8
608665,2015,3
608665,2016,4
608665,2017,3
608665,2018,4
608665,2021,5
608678,2015,5
608678,2016,3
608678,2017,4
608678,2018,4
608678,2019,3
608678,2021,3
608686,2021,2
608698,2016,4
608700,2017,1
608700,2019,2
608700,2021,2
608716,2017,3
608716,2018,3
608716,2019,2
608716,2021,4
608717,2016,4
608717,2017,4
608717,2018,4
608717,2019,4
608717,2021,3
608718,2016,3
608718,2017,3
608718,2018,5
608718,2019,2
608718,2021,2
608723,2018,3
608723,2019,3
608723,2021,3
611093,2015,5
611093,2016,4
611093,2017,2
611093,2018,2
612272,2015,2
612434,2015,4
612434,2016,2
612434,2017,3
612434,2018,3
612434,2019,4
612434,2021,3
612672,2015,4
612672,2016,4
612672,2017,4
612672,2018,3
612672,2019,3
613317,2019,2
613534,2017,2
613534,2018,2
613534,2019,3
613534,2021,2
614179,2017,2
614179,2018,2
614179,2019,2
614179,2021,4
615698,2019,4
615698,2021,5
615868,2016,4
617228,2021,3
620396,2021,3
620446,2019,1
620454,2018,2
620454,2019,2
620982,2017,2
620982,2019,2
621002,2018,2
621002,2019,6
621002,2021,1
621011,2021,1
621044,2018,1
621052,2016,4
621052,2018,2
621052,2019,3
621052,2021,4
621056,2017,3
621056,2018,3
621056,2019,3
621056,2021,3
621057,2021,3
621058,2017,3
621058,2019,3
621074,2021,3
621076,2021,4
621078,2019,3
621078,2021,3
621086,2019,3
621094,2017,2
621097,2019,2
621098,2018,2
621098,2021,3
621107,2016,4
621107,2017,3
621107,2018,4
621107,2019,4
621107,2021,3
621111,2017,3
621111,2018,4
621111,2019,4
621111,2021,6
621112,2017,3
621112,2018,3
621112,2019,3
621112,2021,3
621114,2018,4
621114,2019,4
621114,2021,3
621121,2015,5
621121,2016,3
621121,2017,5
621121,2018,3
621121,2021,3
621129,2021,2
621139,2021,2
621141,2018,3
621141,2019,3
621142,2018,4
621142,2019,4
621199,2016,7
621199,2017,4
621199,2018,4
621199,2019,3
621209,2015,3
621209,2016,3
621219,2016,2
621219,2018,4
621219,2019,3
621219,2021,4
621237,2017,2
621237,2018,2
621237,2019,2
621237,2021,3
621242,2016,2
621242,2017,2
621242,2018,2
621242,2019,2
621242,2021,2
621244,2016,3
621244,2017,2
621244,2018,2
621244,2019,4
621244,2021,2
621248,2021,3
621249,2018,3
621249,2019,4
621249,2021,3
621259,2021,2
621261,2018,2
621261,2019,3
621261,2021,2
621281,2015,2
621281,2016,4
621289,2018,5
621289,2019,4
621294,2016,3
621294,2017,2
621294,2019,2
621295,2016,6
621295,2017,2
621295,2018,2
621295,2019,2
621295,2021,2
621345,2017,2
621345,2018,3
621345,2019,3
621345,2021,3
621348,2021,3
621350,2018,2
621350,2019,2
621363,2019,2
621366,2018,4
621366,2019,2
621366,2021,2
621368,2019,2
621368,2021,2
621381,2016,5
621381,2017,5
621381,2018,3
621381,2019,3
621381,2021,2
621385,2016,2
621385,2017,2
621385,2018,2
621385,2019,3
621389,2016,4
621389,2017,4
621389,2018,4
621389,2019,6
621397,2015,3
621397,2016,2
621397,2017,3
621397,2018,3
621397,2019,3
621408,2015,4
621408,2016,3
621433,2021,2
621500,2021,1
621532,2021,1
621592,2019,2
621593,2021,3
621962,2015,4
622065,2019,3
622065,2021,3
622072,2015,4
622072,2016,2
622072,2017,4
622072,2018,2
622072,2019,3
622072,2021,3
622075,2018,2
622075,2019,2
622075,2021,3
622088,2021,3
622092,2019,4
622092,2021,4
622097,2016,3
622097,2017,2
622097,2018,2
622098,2018,4
622098,2021,3
622103,2019,2
622110,2021,4
622161,2017,2
622161,2018,4
622217,2017,3
622217,2018,3
622250,2019,4
622250,2021,3
622251,2019,2
622251,2021,2
622253,2019,2
622253,2021,2
622256,2021,3
622259,2018,2
622259,2019,2
622382,2017,2
622382,2018,2
622446,2018,3
622446,2019,3
622446,2021,3
622491,2017,4
622491,2018,4
622491,2019,4
622491,2021,4
622492,2017,2
622492,2018,2
622492,2019,2
622492,2021,2
622503,2021,3
622505,2017,2
622505,2018,2
622505,2019,2
622554,2018,2
622554,2019,2
622554,2021,2
622608,2017,2
622608,2018,2
622608,2019,5
622608,2021,3
622663,2015,4
622663,2016,3
622663,2017,4
622663,2018,4
622663,2019,2
622663,2021,3
622694,2018,3
622694,2019,3
622694,2021,3
622703,2017,3
622766,2017,4
622766,2018,2
622766,2019,2
622766,2021,2
622772,2018,4
622772,2019,2
622774,2018,3
622774,2019,3
622780,2021,4
622783,2018,2
622783,2019,2
622786,2019,4
622786,2021,3
622795,2016,3
622795,2017,2
622795,2018,2
622795,2019,2
622797,2019,3
622864,2018,2
622864,2019,2
623149,2017,2
623149,2018,2
623149,2019,3
623149,2021,3
623167,2017,4
623167,2018,2
623167,2019,2
623167,2021,5
623184,2015,9
623184,2016,4
623184,2017,2
623184,2018,3
623184,2019,2
623352,2017,2
623352,2018,2
623352,2019,3
623352,2021,4
623354,2018,2
623354,2019,2
623354,2021,2
623364,2018,2
623364,2019,6
623364,2021,3
623381,2018,3
623381,2019,3
623395,2015,6
623395,2016,2
623395,2017,2
623402,2018,2
623402,2019,2
623406,2016,3
623406,2017,3
623430,2015,5
623430,2016,3
623430,2017,3
623430,2018,3
623430,2019,3
623433,2019,2
623433,2021,3
623434,2017,2
623434,2018,2
623437,2021,2
623439,2016,6
623439,2017,3
623439,2019,3
623451,2017,4
623451,2018,4
623454,2017,2
623454,2018,4
623454,2019,4
623454,2021,3
623465,2018,2
623465,2019,2
623465,2021,2
623470,2018,2
623470,2019,3
623470,2021,2
623474,2019,2
623474,2021,3
623485,2021,3
623913,2017,2
623913,2019,3
624133,2018,2
624133,2019,2
624133,2021,2
624414,2021,1
624418,2021,3
624427,2018,4
624427,2021,3
624522,2021,3
624586,2016,3
624586,2017,3
624586,2018,2
624586,2019,3
624586,2021,3
624636,2018,4
624647,2021,2
625643,2016,4
625643,2017,2
625643,2018,4
625643,2019,4
625643,2021,5
626929,2019,3
626929,2021,3
627262,2017,2
627500,2017,3
627500,2018,3
627894,2017,2
627894,2018,3
628317,2016,8
628317,2017,4
628317,2018,3
628317,2019,4
628317,2021,4
628318,2018,4
628333,2015,5
628333,2016,3
628333,2017,3
628333,2018,2
628333,2019,3
628345,2021,2
628452,2015,2
628452,2016,2
628452,2017,3
628452,2018,2
628452,2019,5
628452,2021,3
628711,2016,3
628711,2017,2
628711,2018,2
628711,2019,4
628711,2021,3
629496,2017,2
629496,2018,3
630023,2018,2
630023,2019,3
630105,2021,4
630263,2019,2
635903,2017,2
635903,2018,1
639373,2018,2
639373,2019,2
640444,2021,3
640447,2018,2
640448,2021,2
640451,2019,4
640451,2021,4
640455,2016,4
640455,2017,4
640455,2018,4
640455,2019,2
640455,2021,4
640462,2019,3
640462,2021,2
640463,2016,5
640463,2017,4
640463,2018,3
640464,2018,4
640464,2019,3
640464,2021,2
640470,2019,4
640470,2021,3
641149,2018,3
641149,2019,3
641154,2018,4
641154,2019,4
641154,2021,3
641302,2019,3
641302,2021,2
641312,2019,4
641312,2021,3
641329,2021,2
641341,2018,4
641341,2019,4
641360,2021,2
641384,2021,3
641386,2021,2
641394,2021,3
641401,2021,3
641420,2021,2
641427,2017,2
641427,2018,3
641438,2017,3
641438,2018,3
641438,2019,3
641447,2021,3
641482,2018,2
641482,2019,3
641482,2021,3
641490,2015,2
641490,2016,3
641490,2017,2
641490,2018,2
641501,2016,2
641501,2017,2
641501,2018,4
641525,2018,1
641525,2019,1
641540,2021,3
641541,2019,4
641541,2021,3
641571,2018,3
641571,2019,5
641576,2021,2
641582,2021,3
641598,2018,1
641627,2015,2
641627,2016,3
641627,2017,3
641627,2018,3
641627,2019,5
641632,2021,3
641645,2021,2
641656,2018,2
641672,2021,2
641682,2021,3
641703,2021,2
641712,2018,4
641712,2019,4
641712,2021,3
641726,2021,3
641729,2017,4
641729,2018,2
641729,2019,2
641729,2021,3
641743,2019,4
641743,2021,4
641745,2018,2
641745,2019,2
641745,2021,3
641755,2018,2
641755,2019,2
641755,2021,3
641771,2016,2
641771,2017,3
641771,2018,4
641771,2021,3
641778,2018,4
641778,2019,3
641778,2021,4
641793,2018,3
641793,2019,4
641793,2021,2
641816,2017,3
641816,2018,4
641816,2019,3
641816,2021,2
641835,2017,2
641835,2018,2
641835,2019,2
641835,2021,2
641838,2016,2
641838,2017,2
641838,2018,2
641838,2019,3
641850,2017,3
641851,2018,2
641851,2019,2
641851,2021,2
641853,2019,3
641871,2017,2
641871,2018,2
641871,2019,2
641871,2021,2
641907,2021,4
641927,2021,6
641941,2017,2
641941,2018,2
641941,2019,3
641941,2021,2
641962,2018,2
641995,2021,2
642003,2016,3
642003,2017,2
642003,2018,2
642003,2019,2
642003,2021,2
642008,2017,2
642008,2018,4
642008,2019,2
642028,2018,2
642028,2019,2
642028,2021,2
642048,2021,3
642067,2019,3
642068,2021,2
642073,2017,4
642073,2018,3
642073,2019,5
642073,2021,4
642083,2017,2
642083,2018,2
642083,2019,2
642083,2021,2
642092,2021,3
642098,2017,3
642098,2018,3
642098,2019,4
642100,2019,2
642100,2021,2
642121,2019,2
642121,2021,4
642130,2021,2
642152,2018,3
642152,2019,5
642152,2021,5
642162,2021,6
642203,2021,2
642207,2019,3
642207,2021,2
642226,2019,2
642229,2016,3
642229,2017,3
642231,2017,2
642231,2018,2
642231,2019,2
642232,2018,4
642232,2019,4
642232,2021,4
642233,2019,2
642233,2021,4
642239,2016,3
642239,2017,2
642239,2018,3
642336,2021,1
642397,2019,3
642397,2021,2
642528,2018,3
642528,2019,3
642528,2021,2
642545,2018,2
642545,2019,2
642545,2021,2
642546,2019,2
642547,2018,3
642547,2019,4
642547,2021,5
642558,2018,5
642558,2019,3
642564,2017,3
642571,2018,3
642578,2019,3
642607,2019,2
642659,2021,2
642701,2018,2
642701,2019,2
642701,2021,3
642727,2021,1
642758,2021,2
642759,2021,2
642770,2019,2
642770,2021,2
642840,2019,2
642851,2021,8
643230,2016,5
643230,2017,5
643230,2018,4
643230,2019,4
643230,2021,3
643256,2018,2
643256,2019,2
643256,2021,2
643290,2019,3
643290,2021,5
643297,2016,4
643316,2018,2
643316,2019,2
643316,2021,2
643320,2017,2
643320,2018,2
643325,2016,2
643327,2015,2
643327,2016,2
643327,2017,3
643327,2018,2
643327,2019,2
643327,2021,2
643329,2017,2
643338,2016,3
643338,2017,2
643338,2018,3
643338,2019,3
643338,2021,2
643354,2016,2
643354,2017,3
643354,2018,3
643354,2019,4
643355,2016,3
643377,2021,5
643400,2021,2
643410,2017,3
643410,2018,3
643414,2017,2
643466,2018,2
643466,2019,2
643478,2019,3
643493,2017,3
643493,2018,3
643493,2019,3
643493,2021,4
643511,2019,2
643511,2021,2
643550,2016,2
643565,2021,2
643603,2016,1
643603,2017,2
643603,2019,2
643615,2019,3
643615,2021,2
643617,2017,2
643617,2018,3
643617,2019,3
643778,2017,2
643778,2018,2
643778,2019,2
643778,2021,4
644364,2017,2
644364,2018,2
644364,2019,2
644428,2017,3
644428,2018,4
645261,2017,2
645261,2018,3
645261,2019,5
645261,2021,3
645801,2019,2
646242,2021,2
647315,2021,3
647336,2018,2
647336,2019,2
648737,2015,4
648737,2016,3
649144,2021,3
650347,2021,2
650382,2019,2
650382,2021,2
650496,2021,3
650530,2019,2
650530,2021,2
650556,2019,2
650556,2021,3
650633,2019,2
650633,2021,2
650644,2019,4
650644,2021,3
650668,2021,4
650671,2019,2
650671,2021,4
650738,2019,3
650813,2019,2
650828,2017,2
650828,2018,2
650828,2021,2
650893,2019,4
650893,2021,4
650895,2018,4
650895,2019,2
650895,2021,2
650911,2021,2
650959,2021,4
655889,2021,2
656061,2021,3
656186,2016,2
656186,2017,3
656186,2018,2
656186,2019,3
656186,2021,2
656212,2021,4
656222,2018,3
656222,2019,5
656232,2021,3
656240,2021,2
656257,2018,3
656257,2019,2
656266,2021,3
656271,2019,2
656288,2019,3
656288,2021,3
656290,2021,3
656302,2019,4
656302,2021,4
656322,2019,2
656322,2021,2
656353,2021,3
656354,2018,2
656354,2019,2
656354,2021,3
656420,2021,2
656427,2017,3
656427,2018,4
656427,2019,4
656427,2021,4
656457,2021,3
656458,2021,2
656464,2019,3
656464,2021,2
656529,2021,3
656546,2016,3
656546,2017,4
656546,2018,3
656546,2019,3
656546,2021,6
656547,2016,3
656547,2017,3
656547,2018,4
656547,2019,3
656548,2021,5
656557,2021,3
656578,2021,3
656605,2019,4
656605,2021,4
656620,2021,2
656629,2018,4
656629,2021,4
656638,2021,3
656641,2021,3
656669,2021,2
656685,2019,3
656685,2021,3
656686,2019,2
656686,2021,4
656713,2019,3
656725,2018,3
656725,2019,3
656725,2021,2
656730,2021,5
656731,2021,4
656738,2018,4
656756,2017,3
656756,2018,4
656756,2019,2
656756,2021,4
656793,2021,3
656794,2017,4
656794,2018,4
656794,2019,4
656794,2021,3
656798,2018,2
656803,2018,2
656803,2019,2
656803,2021,2
656805,2018,3
656814,2018,2
656814,2019,3
656818,2021,3
656849,2021,4
656876,2021,4
656887,2018,2
656887,2019,3
656887,2021,2
656945,2017,2
656945,2018,2
656945,2019,2
656945,2021,2
656954,2018,3
656954,2019,3
656954,2021,3
656970,2019,3
656970,2021,3
656977,2018,2
656977,2019,2
656981,2021,3
657006,2021,2
657024,2019,2
657024,2021,2
657031,2019,4
657031,2021,3
657044,2021,4
657053,2018,3
657053,2019,3
657053,2021,3
657093,2021,3
657097,2019,3
657097,2021,3
657117,2018,3
657117,2019,3
657140,2018,4
657140,2019,3
657140,2021,3
657141,2019,5
657141,2021,2
657205,2016,4
657205,2017,2
657205,2018,2
657209,2018,2
657228,2018,4
657228,2019,3
657228,2021,2
657240,2021,3
657248,2021,3
657277,2019,4
657277,2021,3
657376,2021,3
657508,2021,3
657566,2019,3
657571,2018,4
657571,2019,2
657585,2019,4
657610,2017,4
657610,2018,4
657610,2019,2
657610,2021,3
657612,2018,2
657612,2019,3
657612,2021,2
657624,2018,2
657624,2019,2
657624,2021,4
657670,2016,2
657681,2017,3
657681,2018,3
657697,2021,2
657746,2021,3
657756,2021,2
657766,2019,3
657770,2018,2
657786,2018,2
658069,2021,1
658305,2019,2
658305,2021,2
658431,2021,3
658551,2019,2
658551,2021,2
658648,2019,3
658648,2021,3
658791,2019,3
658792,2017,3
658792,2018,3
658792,2019,3
659275,2017,3
659275,2019,5
659275,2021,4
660271,2018,2
660271,2021,3
660365,2021,3
660422,2021,2
660494,2019,3
660546,2019,3
660546,2021,2
660600,2021,2
660620,2021,4
660623,2019,2
660623,2021,3
660761,2019,3
660761,2021,3
660813,2019,2
660813,2021,3
660825,2021,2
660853,2018,4
660853,2019,2
660853,2021,4
660875,2018,2
660896,2019,2
660896,2021,2
660906,2021,2
661255,2018,2
661255,2019,3
661255,2021,2
661269,2021,3
661383,2021,2
661403,2019,2
661403,2021,2
661440,2021,3
661527,2021,4
661563,2021,3
662253,2019,2
662253,2021,2
663366,2021,3
663372,2021,3
663378,2021,2
663399,2021,2
663423,2019,5
663423,2021,4
663432,2018,2
663432,2019,2
663432,2021,2
663460,2021,4
663465,2018,3
663465,2019,3
663465,2021,3
663474,2021,4
663531,2019,3
663531,2021,5
663554,2021,3
663556,2021,3
663558,2021,2
663559,2021,5
663567,2019,3
663567,2021,3
663574,2021,3
663734,2021,3
663738,2021,3
663753,2021,3
663765,2021,4
663770,2021,3
663776,2019,5
663776,2021,3
663804,2021,3
663853,2021,2
663855,2018,3
663855,2019,2
663855,2021,2
663878,2021,3
663903,2021,2
663959,2021,3
663978,2019,4
663978,2021,4
663986,2021,2
663992,2019,2
663992,2021,2
664023,2018,7
664028,2018,2
664034,2019,2
664042,2019,3
664042,2021,3
664045,2019,3
664045,2021,3
664054,2019,3
664054,2021,3
664062,2019,3
664062,2021,2
664074,2021,4
664076,2021,2
664092,2019,2
664092,2021,2
664123,2021,2
664126,2019,3
664126,2021,3
664129,2019,4
664129,2021,2
664139,2019,2
664139,2021,3
664141,2021,3
664157,2019,4
664157,2021,2
664180,2018,3
664180,2019,4
664192,2018,4
664192,2019,4
664192,2021,2
664196,2018,2
664196,2019,2
664196,2021,3
664199,2019,4
664199,2021,3
664208,2017,2
664208,2018,3
664208,2019,3
664208,2021,4
664238,2019,1
664285,2018,3
664285,2019,4
664285,2021,3
664294,2021,3
664299,2021,6
664337,2021,3
664353,2019,3
664353,2021,3
664584,2021,4
664641,2016,2
664641,2017,4
664641,2018,2
664682,2018,2
664682,2021,2
664701,2017,2
664701,2018,2
664714,2021,3
664776,2021,3
664789,2021,2
664852,2021,2
664854,2019,3
664854,2021,3
664856,2018,2
664856,2019,2
664869,2018,3
664871,2019,4
664875,2021,2
664901,2021,2
664918,2019,2
664918,2021,2
664948,2021,3
665001,2019,2
665093,2019,3
665120,2019,2
665152,2021,6
665155,2021,3
665620,2021,3
665621,2021,2
665625,2021,2
665645,2021,2
665661,2021,3
665665,2021,2
665733,2021,2
665759,2021,2
665795,2021,3
665854,2021,2
665896,2021,2
666120,2021,3
666129,2021,3
666159,2021,4
666168,2021,2
666200,2019,3
666200,2021,3
666201,2021,4
666205,2021,3
666619,2021,3
666808,2021,2
666818,2021,3
667297,2021,2
667373,2021,2
667376,2021,3
667463,2021,3
667465,2021,2
667498,2019,4
667498,2021,3
667725,2021,3
668665,2019,2
668665,2021,4
668670,2021,2
668676,2019,3
668676,2021,3
668678,2019,3
668678,2021,4
668683,2019,2
668687,2021,3
668820,2021,3
668941,2021,2
668968,2021,2
669060,2018,2
669060,2019,3
669060,2021,4
669135,2021,2
669145,2021,3
669160,2019,3
669160,2021,3
669169,2021,3
669203,2018,4
669203,2019,4
669203,2021,4
669211,2021,4
669212,2021,3
669214,2019,2
669214,2021,3
669270,2019,2
669276,2021,2
669294,2021,3
669302,2021,4
669330,2021,3
669358,2021,2
669373,2021,3
669395,2021,2
669424,2021,3
669432,2021,2
669456,2018,4
669456,2019,2
669456,2021,4
669459,2021,3
669618,2021,3
669622,2021,3
669674,2021,4
669735,2021,4
669912,2021,3
669935,2021,3
669952,2021,3
670036,2018,3
670036,2019,3
670050,2021,2
670056,2021,2
670057,2021,3
670087,2021,2
670090,2021,2
670167,2019,3
670167,2021,4
670280,2019,3
670280,2021,3
670329,2019,2
670426,2019,3
670456,2019,2
670456,2021,4
670550,2021,2
670712,2019,3
670766,2021,2
670912,2021,3
670950,2018,3
670950,2019,3
670950,2021,3
670955,2021,3
670970,2019,3
670970,2021,4
670990,2021,3
671345,2021,2
671790,2019,2
671790,2021,3
672282,2021,3
672335,2018,2
672335,2019,2
672335,2021,4
672391,2021,2
672578,2021,2
672582,2021,2
672710,2021,2
672715,2021,4
672773,2019,3
672851,2021,3
673258,2019,4
673633,2018,2
673633,2019,3
674944,2021,3
675911,2021,2
675912,2021,3
675916,2019,3
675916,2021,2
675921,2021,4
675971,2021,2
676050,2021,3
676051,2021,3
676083,2021,3
676103,2021,2
676220,2021,2
676265,2021,4
676424,2021,4
676477,2021,2
676596,2021,5
676604,2021,2
676606,2019,3
676606,2021,3
676617,2021,3
676684,2021,2
676709,2021,3
676710,2021,3
676755,2021,2
676766,2021,2
676831,2021,2
676840,2021,2
676879,2021,4
676886,2021,2
676969,2021,3
676979,2021,3
677651,2021,7
677865,2021,2
677960,2021,2
677976,2019,2
677976,2021,2
680430,2021,3
680686,2021,3
680692,2021,2
680704,2021,3
681806,2021,3
681810,2021,2
681867,2021,3
681911,2021,3
683232,2021,2
685503,2021,4
